[
    {
        "id": "TUxVQ0FHVWUwMzc3",
        "name": "Aguada"
    },
    {
        "id": "TUxVQ0FJUjE1NDM",
        "name": "Aires Puros"
    },
    {
        "id": "TUxVQ0FSUmJmZDVl",
        "name": "Arroyo Seco"
    },
    {
        "id": "TUxVQ0FUQTYzNjc",
        "name": "Atahualpa"
    },
    {
        "id": "TUxVQ0JFTDUyODE",
        "name": "Bella Vista"
    },
    {
        "id": "TUxVQ0JFTDU0MjU0",
        "name": "Belvedere"
    },
    {
        "id": "TUxVQ0JPTDIxMDY",
        "name": "Bolivar"
    },
    {
        "id": "TUxVQ0JSQWNhNzZl",
        "name": "Brazo Oriental"
    },
    {
        "id": "TUxVQ0JVQzNlMDdl",
        "name": "Buceo"
    },
    {
        "id": "TUxVQ0NBUDYxOTA",
        "name": "Capurro"
    },
    {
        "id": "TUxVQ0NBUmRhYWU0",
        "name": "Carrasco"
    },
    {
        "id": "TUxVQ0NBUzc5NzA",
        "name": "Casabo"
    },
    {
        "id": "TVhYQ2FzYXZhbGxlVFV4VlVFMVBUbG8yTURJe",
        "name": "Casavalle"
    },
    {
        "id": "TUxVQ0NFTjVjMTM",
        "name": "Centro"
    },
    {
        "id": "TUxVQ0NFUjI3NDg",
        "name": "Cerrito"
    },
    {
        "id": "TUxVQ0NFUjEwNDc",
        "name": "Cerro"
    },
    {
        "id": "TUxVQ0NJVTk5MTU",
        "name": "Ciudad Vieja"
    },
    {
        "id": "TUxVQ0NPTDk2ZjYz",
        "name": "Colón"
    },
    {
        "id": "TUxVQ0NPUjZmZjNm",
        "name": "Cordón"
    },
    {
        "id": "TUxVQ0dPRTY1NDU",
        "name": "Goes"
    },
    {
        "id": "TUxVQ0lUVTM0MjQ",
        "name": "Ituzaingó"
    },
    {
        "id": "TUxVQ0pBQzJiODI2",
        "name": "Jacinto Vera"
    },
    {
        "id": "TUxVQ0pBUjMzOTE",
        "name": "Jardines Hipódromo"
    },
    {
        "id": "TUxVQ0xBWjk5YTE5",
        "name": "La Blanqueada"
    },
    {
        "id": "TUxVQ0xBQzU0NjU",
        "name": "La Comercial"
    },
    {
        "id": "TUxVQ0xBRjMyODM",
        "name": "La Figurita"
    },
    {
        "id": "TUxVQ0xBVDQ5ODI",
        "name": "La Teja"
    },
    {
        "id": "TUxVQ0xBUzE0MjM",
        "name": "Las Acacias"
    },
    {
        "id": "TUxVQ0xFWjQ0NTA",
        "name": "Lezica"
    },
    {
        "id": "TUxVQ01BTDE0YmY1",
        "name": "Malvin"
    },
    {
        "id": "TUxVQ01BTDk4MDg",
        "name": "Malvin Norte"
    },
    {
        "id": "TUxVQ01BTjY0Mzc",
        "name": "Manga"
    },
    {
        "id": "TUxVQ01BUjcwMjI",
        "name": "Marconi"
    },
    {
        "id": "TUxVQ01BUjczNTk",
        "name": "Maroñas"
    },
    {
        "id": "TUxVQ01BUjYwMDA",
        "name": "Maroñas, Curva"
    },
    {
        "id": "TUxVQ01FTDE5OTE",
        "name": "Melilla"
    },
    {
        "id": "TUxVQ01PTjc2Nzc",
        "name": "Montevideo"
    },
    {
        "id": "TUxVQ05VRTk3MTk",
        "name": "Nuevo París"
    },
    {
        "id": "TUxVQ09UUjk3MDY",
        "name": "Otras"
    },
    {
        "id": "TUxVQ1BBSjk4NDY",
        "name": "Pajas Blancas"
    },
    {
        "id": "TUxVQ1BBTDU0NzY",
        "name": "Palermo"
    },
    {
        "id": "TUxVQ1BBUjVkNGE4",
        "name": "Parque Batlle"
    },
    {
        "id": "TUxVQ1BBUmU3Y2Nj",
        "name": "Parque Rodó"
    },
    {
        "id": "TUxVQ1BBUzQzMDA",
        "name": "Paso Molino"
    },
    {
        "id": "TUxVQ1BBUzc3MDM",
        "name": "Paso de la Arena"
    },
    {
        "id": "TUxVQ1BF0TUxNDI",
        "name": "Peñarol"
    },
    {
        "id": "TUxVQ1BJRWMyMjhl",
        "name": "Piedras Blancas"
    },
    {
        "id": "TUxVQ1BPQzM5ZGRi",
        "name": "Pocitos"
    },
    {
        "id": "TUxVQ1BPQzIwNDU",
        "name": "Pocitos Nuevo"
    },
    {
        "id": "TUxVQ1BSQTYwOTJl",
        "name": "Prado"
    },
    {
        "id": "TUxVQ1BVRTI0NDA",
        "name": "Puerto Buceo"
    },
    {
        "id": "TUxVQ1BVTjJmMjkx",
        "name": "Punta Carretas"
    },
    {
        "id": "TUxVQ1BVTjYxODI",
        "name": "Punta Gorda"
    },
    {
        "id": "TUxVQ1BVTjMxMTE",
        "name": "Punta Rieles"
    },
    {
        "id": "TUxVQ1JFRDg3YzQy",
        "name": "Reducto"
    },
    {
        "id": "TUxVQ1NBTjU4MTU",
        "name": "Santiago Vázquez"
    },
    {
        "id": "TUxVQ1NBWTkxODY",
        "name": "Sayago"
    },
    {
        "id": "TUxVQ1RPTDE5MDY",
        "name": "Toledo Chico"
    },
    {
        "id": "TUxVQ1RSRTg3OGM3",
        "name": "Tres Cruces"
    },
    {
        "id": "TUxVQ1VOSTVkOGFk",
        "name": "Unión"
    },
    {
        "id": "TUxVQ1ZJTDE2MDU",
        "name": "Villa Biarritz"
    },
    {
        "id": "TUxVQ1ZJTDk1MTY",
        "name": "Villa Dolores"
    },
    {
        "id": "TUxVQ1ZJTDI2MzY",
        "name": "Villa Española"
    },
    {
        "id": "TUxVQ1ZJTDM1MTk",
        "name": "Villa García"
    },
    {
        "id": "TUxVQ1ZJTDRkMTY",
        "name": "Villa Muñoz"
    },
    {
        "id": "TUxVQ1ZJTDI0NTk",
        "name": "Villa del Cerro"
    }
]