[
    {
        "id": "AR",
        "name": "Argentina",
        "locale": "es_AR",
        "currency_id": "ARS"
    },
    {
        "id": "BO",
        "name": "Bolivia",
        "locale": "es_BO",
        "currency_id": "BOB"
    },
    {
        "id": "BR",
        "name": "Brasil",
        "locale": "pt_BR",
        "currency_id": "BRL"
    },
    {
        "id": "CL",
        "name": "Chile",
        "locale": "es_CL",
        "currency_id": "CLP"
    },
    {
        "id": "CN",
        "name": "China",
        "locale": "zh_CN",
        "currency_id": "CNY"
    },
    {
        "id": "CO",
        "name": "Colombia",
        "locale": "es_CO",
        "currency_id": "COP"
    },
    {
        "id": "CR",
        "name": "Costa Rica",
        "locale": "es_CR",
        "currency_id": "CRC"
    },
    {
        "id": "CBT",
        "name": "Cross Border Trade",
        "locale": "es_AR",
        "currency_id": "ARS"
    },
    {
        "id": "EC",
        "name": "Ecuador",
        "locale": "es_EC",
        "currency_id": "USD"
    },
    {
        "id": "SV",
        "name": "El Salvador",
        "locale": "es_SV",
        "currency_id": "USD"
    },
    {
        "id": "GT",
        "name": "Guatemala",
        "locale": "es_GT",
        "currency_id": "GTQ"
    },
    {
        "id": "HN",
        "name": "Honduras",
        "locale": "es_HN",
        "currency_id": "HNL"
    },
    {
        "id": "MX",
        "name": "Mexico",
        "locale": "es_MX",
        "currency_id": "MXN"
    },
    {
        "id": "NI",
        "name": "Nicaragua",
        "locale": "es_NI",
        "currency_id": "NIO"
    },
    {
        "id": "PA",
        "name": "Panamá",
        "locale": "es_PA",
        "currency_id": "USD"
    },
    {
        "id": "PY",
        "name": "Paraguay",
        "locale": "es_PY",
        "currency_id": "PYG"
    },
    {
        "id": "PE",
        "name": "Peru",
        "locale": "es_PE",
        "currency_id": "PEN"
    },
    {
        "id": "PT",
        "name": "Portugal",
        "locale": "pt_PT",
        "currency_id": "EUR"
    },
    {
        "id": "PR",
        "name": "Puerto Rico",
        "locale": "es_PR",
        "currency_id": "USD"
    },
    {
        "id": "GB",
        "name": "Reino Unido",
        "locale": "en_GB",
        "currency_id": "GBP"
    },
    {
        "id": "DO",
        "name": "República Dominicana",
        "locale": "es_DO",
        "currency_id": "DOP"
    },
    {
        "id": "UY",
        "name": "Uruguay",
        "locale": "es_UY",
        "currency_id": "UYU"
    },
    {
        "id": "VE",
        "name": "Venezuela",
        "locale": "es_VE",
        "currency_id": "VES"
    },
    {
        "id": "COL",
        "name": "newCOL",
        "locale": "es_COL",
        "currency_id": "COLS"
    }
]