[
    {
        "id": "TUxVUEFSVHMxMzQ1Mw",
        "name": "Artigas"
    },
    {
        "id": "TUxVUENBTnMxNzliYw",
        "name": "Canelones"
    },
    {
        "id": "TUxVUENFUm9mOTJl",
        "name": "Cerro Largo"
    },
    {
        "id": "TUxVUENPTGExMTUwOQ",
        "name": "Colonia"
    },
    {
        "id": "TUxVUERVUm9kZDA1",
        "name": "Durazno"
    },
    {
        "id": "TUxVUEZMT3MxYjc",
        "name": "Flores"
    },
    {
        "id": "TUxVUEZMT1o4MWUz",
        "name": "Florida"
    },
    {
        "id": "TUxVUExBVlpkNTI0",
        "name": "Lavalleja"
    },
    {
        "id": "TUxVUE1BTFo5OWMx",
        "name": "Maldonado"
    },
    {
        "id": "TUxVUE1PTlo2MDIy",
        "name": "Montevideo"
    },
    {
        "id": "TUxVUFBBWVo0YzEy",
        "name": "Paysandú"
    },
    {
        "id": "TUxVUFJJVlpjOWQ1",
        "name": "Rivera"
    },
    {
        "id": "TUxVUFJPQ1ozNWRm",
        "name": "Rocha"
    },
    {
        "id": "TUxVUFLNT1oxNTQ4MQ",
        "name": "Río Negro"
    },
    {
        "id": "TUxVUFNBTG9jMTM5",
        "name": "Salto"
    },
    {
        "id": "TUxVUFNBTloxMDk2NQ",
        "name": "San José"
    },
    {
        "id": "TUxVUFNPUm9mOTcx",
        "name": "Soriano"
    },
    {
        "id": "TUxVUFRBQ280MGE5",
        "name": "Tacuarembó"
    },
    {
        "id": "TUxVUFRSRXNiY2Zh",
        "name": "Treinta y Tres"
    }
]